Ortsnetz,Landkreis,BezirkNR,Bezirk,1840,1875,1880,1885,1890,1895,1900,1905,1910,Region,Longitude,Latitude,NNID,NameGNU,PostOffice,PostRevenues,PostBahn,Bahnbezirk,RankRailWeight,TotalRailWeight,SentRailWeight,RankRailRevenues,RailRevenues,CollectedNachnahme,PaidNachnahme
Abbach,Kelheim,36,Kelheim,611,892,973,1033,1111,1278,1187,1230,1218,NB,12.04361,48.93527,DEBKGGND00000AHT,,E,2631.26,1,I,439,10234.15,8782.65,226,13722,2904,1821
Abensberg,Kelheim,36,Kelheim,1428,1885,2094,2229,2186,2339,2202,2278,2258,NB,11.84833,48.81555,DEBKGGND00000SLT,,E,10823.85,1,I,421,9579.21,3716.31,493,71402,30066,5092
Aichach,Aichach,56,Aichach,1749,2647,2608,2641,2483,2568,2576,2762,3342,OB,11.13361,48.46111,DEBKGGND000008CO,,E,12670.51,1,I,458,11406.54,5524.79,514,87647,30188,6483
Albisheim,Kirchheimbolanden,123,Kaiserslautern,948,930,987,1016,1063,1131,1120,1107,1117,PF,8.095555,49.64944,DEBKGGND00000TT1,Albisheim (Pfrimm),E,2481.61,0,Z,0,0,0,0,0,0,0
Alsenz,Rockenhausen,123,Kaiserslautern,1531,1572,1649,1726,1868,2006,2066,2172,1941,PF,7.815,49.72416,DEBKGGND00000GC9,Alsenz,E,4029.34,0,Z,0,0,0,0,0,0,0
Altdorf,Nuernberg,20,NuernbergLand,3077,3057,3293,3106,2979,2942,2867,2887,2903,MF,11.35472,49.38527,DEBKGGND00000O1U,,E,7726.69,0,Rg,299,4505.54,1752.26,413,38678,8058,975
Amberg,Amberg,101,Amberg,10627,13380,14583,15812,19126,20200,22039,24303,25242,OP,11.85444,49.44472,DEBKGGND00000RJ1,,V,61665.24,0,N,564,55348.58,23546.01,589,364974,76994,71754
Amorbach,Miltenberg,177,Miltenberg,2931,2385,2503,2280,2176,2166,2173,2261,2341,UF,9.22,49.645,DEBKGGND000026P7,,E,9488.61,0,Wg,204,2705.15,1186,352,28232,13925,5760
Annweiler,Bergzabern,183,Bergzabern,2867,2955,2945,2774,2588,3036,3664,4016,4179,PF,7.966111,49.20277,DEBKGGND00000H71,Annweiler am Trifels,E,9130.68,0,Z,0,0,0,0,0,0,0
Ansbach,Ansbach,1,Ansbach,11939,13299,14195,13935,14258,15883,17563,18478,19995,MF,10.57138,49.30055,DEBKGGND00000ROD,,Amt,76712.25,0,N,552,49433.62,7667.43,600,497660,93504,69918
Arnstein,Karlstadt,170,Karlstadt,1626,1630,1849,1816,1786,1730,1745,1771,1695,UF,9.967222,49.97861,DEBKGGND00000RTW,Arnstein,E,6076.72,1,B,293,4342.57,2336.41,339,25839,10744,1028
Arnstorf,Eggenfelden,33,Eggenfelden,1075,1276,1276,1443,1456,1441,1414,1624,1625,NB,12.81722,48.56083,DEBKGGND000000B6,,E,6242.04,0,Z,0,0,0,0,0,0,0
Arzberg,Wunsiedel,100,Wunsiedel,1990,2152,2274,2105,2164,2212,2588,3336,3844,OF,12.18527,50.05694,DEBKGGND00000MSX,,E,4237.03,0,Wn,207,2790.46,488.26,283,19293,6139,2287
Asch,Kaufbeuren,146,KaufbeurenLand,575,545,582,660,632,655,621,624,607,SC,10.83,47.94861,DEBKGGND00000BMV,,E,1569.49,0,Wn,567,61458.36,5060.62,588,360515,141479,290449
Aschaffenburg,Aschaffenburg,159,Aschaffenburg,9273,10843,12152,12393,13630,15831,18093,25891,29892,UF,9.147777,49.97333,DEBKGGND00000R5O,,Amt,98094.2,1,Wg,563,55216.16,30938.14,601,535554,163957,174077
Aschau,Muehldorf,70,Muehldorf,691,728,734,808,827,835,828,845,846,OB,12.34583,48.19638,DEBKGGND00000V6V,,E,8323.52,1,Rm,477,13757.38,10161.65,431,43154,15333,3856
Aschbach,Bamberg,84,BambergLandII,612,718,770,672,672,653,653,634,634,OF,10.56222,49.7725,DEBKGGND00000POV,,E,1775.4,0,Z,0,0,0,0,0,0,0
Aub,Ochsenfurt,180,Ochsenfurt,995,1008,1074,1071,1062,1127,1159,1333,1201,UF,10.06416,49.55166,DEBKGGND000008YD,,E,4587.99,0,Z,0,0,0,0,0,0,0
Augsburg,Augsburg,130,Augsburg,36869,57213,61408,65905,75629,81896,89170,94923,102487,SC,10.8925,48.36944,DEBKGGND00000XMW,,HE,604428.71,0,A,592,350269.83,80907.87,621,3508188,402418,456589
Babenhausen,Illertissen,145,Illertissen,1792,1866,1885,1898,1941,2079,2062,2093,2068,SC,10.25333,48.14277,DEBKGGND00000NEN,,E,6540.76,0,Z,0,0,0,0,0,0,0
BadAibling,BadAibling,73,RosenheimAibling,1278,2108,2217,2316,2495,2715,3246,3479,3858,OB,12.01027,47.86305,DEBKGGND00000X65,,E,14332.08,1,Rm,449,10622.15,6253.87,499,74985,33668,12711
BadDuerkheim,NeustadtWeinstrasse,126,NeustadtDuerkheim,5050,5841,6089,6110,6080,6055,6207,6362,6523,PF,8.169166,49.46027,DEBKGGND00000NSS,Bad Dürkheim,E,31867.98,0,Z,0,0,0,0,0,0,0
BadKissingen,BadKissingen,171,Kissingen,1608,3471,3873,4024,4245,4306,4757,5199,5831,UF,10.07888,50.19972,DEBKGGND00000HRC,,Amt,78558.59,0,Z,0,0,0,0,0,0,0
BadReichenhall,Berchtesgaden,58,Berchtesgaden,3154,3312,3302,3271,3436,3791,4193,4927,6077,OB,12.87722,47.72861,DEBKGGND00000QFC,,V,44260.72,0,Z,0,0,0,0,0,0,0
BadSteben,Naila,95,Naila,844,796,827,788,874,860,935,1014,1106,OF,11.64222,50.36583,DEBKGGND0000025P,,E,2216.22,0,Z,0,0,0,0,0,0,0
BadToelz,BadToelz,76,BadToelz,2453,3469,3671,3796,4093,4285,4789,5261,5496,OB,11.555,47.76,DEBKGGND0000089T,,E,20687.99,0,M,536,31175.82,23583.91,547,134555,63873,12737
Bamberg,Bamberg,80,Bamberg,20863,26951,29587,31521,35815,38940,41823,45483,48063,OF,10.89694,49.8975,DEBKGGND00000ETD,,HE,216822.16,0,B,581,104011.94,28863.55,615,1476316,192637,184072
Bayreuth,Bayreuth,81,Bayreuth,16660,19180,22072,23559,24556,27693,29387,31903,34547,OF,11.57805,49.94833,DEBKGGND000006NW,,Amt,131378.92,1,Wn,575,90309.62,24182.91,614,1049815,149185,124799
Behringersdorf,Lauf,17,HersbruckLauf,253,346,352,372,346,405,570,759,1035,MF,11.19944,49.48055,DEBKGGND00000G3O,,N,0,0,N,1,0,0,7,2106,0,0
Berchtesgaden,Berchtesgaden,58,Berchtesgaden,1646,1816,1780,1888,2179,2349,2634,2830,2930,OB,13.0025,47.63277,DEBKGGND00000DNT,,E,19041.64,0,Z,0,0,0,0,0,0,0
Berg,Hof,90,HofLand,608,676,654,665,678,716,736,752,779,OF,11.78,50.37416,DEBKGGND000009SB,,E,860.92,0,Z,0,0,0,0,0,0,0
Bergzabern,Bergzabern,183,Bergzabern,2592,2304,2395,2339,2253,2367,2600,2684,2696,PF,7.999166,49.10055,DEBKGGND00000R4O,Bad Bergzabern,E,12457.98,0,Z,0,0,0,0,0,0,0
Berneck,Bayreuth,85,BayreuthLand,1272,1471,1482,1423,1410,1344,1468,1715,1948,OF,11.66694,50.04416,DEBKGGND00000N21,,E,7822.52,0,Z,0,0,0,0,0,0,0
Blieskastel,SanktIngbert,129,ZweibrueckenStIngbert,1824,1683,1755,1705,1543,1525,1558,1587,1553,PF,7.258055,49.23694,DEBKGGND0000071E,,E,8273.68,0,Z,0,0,0,0,0,0,0
Bobingen,Schwabmuenchen,140,AugsburgSchwabmuenchen,1637,1795,1924,1951,1980,1841,1850,2128,2294,SC,10.83055,48.26777,DEBKGGND0000042M,,E,3160.23,1,A,401,8237.46,3780.64,501,76402,19953,8906
Bodenwoehr,Neunburg,111,NeunburgOberviechtach,805,946,984,1015,1025,1046,1030,1070,1071,OP,12.30388,49.27,DEBKGGND00000QJY,,E,2576.9,1,Wn,475,13672.44,7781.66,474,59532,23104,16234
Bogen,Bogen,30,Bogen,1218,1293,1401,1395,1277,1510,1360,1385,1453,NB,12.69305,48.90916,DEBKGGND000008JL,,E,5343.49,0,Z,0,0,0,0,0,0,0
Brannenburg,Rosenheim,73,RosenheimAibling,309,579,429,408,386,392,427,423,493,OB,12.10305,47.74138,DEBKGGND00000BOO,,E,4838.45,1,Rm,542,32734.79,18064.33,483,65132,17496,4475
Breitenberg,Wegscheid,41,PassauWegscheid,1052,1061,1032,938,906,877,852,855,870,NB,13.79416,48.70277,DEBKGGND00000XAK,,E,3489.85,0,Z,0,0,0,0,0,0,0
Bruchmuehlbach,Kaiserslautern,123,Kaiserslautern,311,312,360,433,419,395,388,410,498,PF,7.461111,49.38722,DEBKGGND000009ER,Bruchmühlbach,E,3564.15,0,Z,0,0,0,0,0,0,0
Bruck,Bruck,63,Friedberg,1349,3202,3279,3399,3222,3554,3906,4461,4747,OB,11.255,48.17944,DEBKGGND00000JKF,Fürstenfeldbruck,E,12059.31,0,Z,0,0,0,0,0,0,0
Bruckmuehl,BadAibling,73,RosenheimAibling,783,1391,1364,1668,1703,1776,2156,2310,2540,OB,11.9125,47.88194,DEBKGGND00000R1H,,E,2223.91,1,Rm,514,22306.92,10320.58,409,37718,13020,2746
Brueckenau,Brueckenau,165,Brueckenau,1748,1633,1654,1559,1548,1495,1627,1819,2098,UF,9.792222,50.30861,DEBKGGND00000V5W,Bad Brückenau,E,9242.43,0,Z,0,0,0,0,0,0,0
Buchloe,Kaufbeuren,146,KaufbeurenLand,835,1420,1607,1608,1713,1749,1943,2315,2585,SC,10.72944,48.03666,DEBKGGND00000SMD,,V,9194.57,1,K,372,7211.78,3623.28,526,96332,27535,6680
Burgau,Guenzburg,144,GuenzburgLand,2254,2081,2164,2119,1996,2046,2033,2123,2178,SC,10.40611,48.43166,DEBKGGND00000JN8,,E,7983.83,1,A,520,24186.02,22490.74,407,37332,12230,5072
Burgebrach,Bamberg,84,BambergLandII,834,934,936,1001,948,939,917,906,972,OF,10.73805,49.82638,DEBKGGND00000HGP,,E,3454.69,0,Z,0,0,0,0,0,0,0
Burghausen,Altoetting,57,Altoetting,3652,3330,3475,3383,3426,3040,3048,3384,3268,OB,12.83138,48.16888,DEBKGGND00000RTM,,E,13927.44,0,Z,0,0,0,0,0,0,0
Burgkundstadt,Lichtenfels,93,Lichtenfels,1438,1283,1251,1236,1187,1309,1454,1638,1839,OF,11.25166,50.14111,DEBKGGND00000KEP,,E,11527.71,1,B,414,9173.01,2895.05,482,63401,12807,5402
Burglengenfeld,Burglengenfeld,105,Burglengenfeld,1918,3065,3320,3352,3271,2960,3060,3176,3246,OP,12.04194,49.20555,DEBKGGND00000C59,,E,6051.05,0,Z,0,0,0,0,0,0,0
Buttenheim,Bamberg,83,BambergLandI,840,738,754,760,725,741,726,706,732,OF,11.0325,49.80305,DEBKGGND00000SMB,,N,0,0,Z,0,0,0,0,0,0,0
Cadolzburg,Fuerth,15,FuerthLand,1301,1285,1237,1227,1280,1417,1494,1584,1655,MF,10.85638,49.45916,DEBKGGND00000OZI,,E,1804.48,0,Z,0,0,0,0,0,0,0
Cham,Cham,106,Cham,2310,32222,3445,3543,3686,3889,4074,4167,4558,OP,12.66694,49.21888,DEBKGGND00000JV0,,E,16064.76,0,Wn,557,48405.34,31083.54,566,186531,61108,23055
Dachau,Dachau,59,Dachau,1304,2726,3101,3376,3890,4247,5055,5450,5764,OB,11.4375,48.26333,DEBKGGND0000055Q,,E,9615.36,1,I,511,21470.5,7127.84,538,115266,19929,3863
Dahn,Pirmasens,127,Pirmasens,1426,1373,1420,1311,1312,1412,1588,1654,1772,PF,7.778055,49.15111,DEBKGGND00000F1F,Dahn,E,4156.67,0,Z,0,0,0,0,0,0,0
Deggendorf,Deggendorf,26,Deggendorf,3805,6767,6226,6367,6250,6527,6811,7211,7478,NB,12.96527,48.83333,DEBKGGND00000LA4,,E,31351.66,0,Rm,547,35054.8,22259.39,577,235598,69817,87105
Deidesheim,NeustadtWeinstrasse,126,NeustadtDuerkheim,2435,2688,2744,2823,2806,2783,2808,2692,2551,PF,8.186666,49.40916,DEBKGGND000001CY,Deidesheim,E,15637.81,0,Z,0,0,0,0,0,0,0
Dettelbach,Kitzingen,172,KitzingenLand,2140,2202,2217,2189,2113,2033,2065,2093,2058,UF,10.16027,49.80138,DEBKGGND000005SS,,E,8534.7,1,Wg,224,3069.9,657.44,326,24001,8085,5767
Diessen,Landsberg,67,LandsbergLand,1150,1257,1174,1174,1255,1299,1444,1552,1653,OB,11.10333,47.94777,DEBKGGND00000KH8,,E,4870.01,0,Z,0,0,0,0,0,0,0
Dietmannsried,Kempten,147,KemptenLand,1051,576,591,650,675,769,860,992,1014,SC,10.29,47.80861,DEBKGGND00000RFU,,E,2138.52,1,K,278,4085.7,813.93,355,28345,4378,941
Dillingen,Dillingen,131,Dillingen,4040,5029,5452,5862,5775,6192,6078,6162,6291,SC,10.49527,48.58055,DEBKGGND00000GAC,,E,29903.29,0,A,438,10125.2,2195.67,545,127309,56261,18132
Dingolfing,Dingolfing,32,Dingolfing,2372,3169,3501,3636,3534,3473,3400,3443,3612,NB,12.49666,48.62944,DEBKGGND00000NRU,,E,11540.72,1,Rg,392,7669.17,2843.02,426,40672,13732,3442
Dinkelsbuehl,Dinkelsbuehl,2,Dinkelsbuehl,5019,5240,5286,4477,4496,4577,4573,4655,4800,MF,10.32,49.06861,DEBKGGND000004PN,,E,15374.36,0,A,315,4927.61,1532.82,490,71120,21393,5363
Donauwoerth,Donauwoerth,132,Donauwoerth,2928,3758,3857,3683,3725,4083,4367,4747,4585,SC,10.77777,48.71888,DEBKGGND0000003V,,Amt,38076.95,0,A,499,17666.44,8479,565,177079,38303,22702
Dorfen,Erding,61,Erding,1064,1632,1724,1858,1930,2050,2246,2315,2396,OB,12.15333,48.27361,DEBKGGND00000RMT,,E,6822.44,1,M,377,7217.03,3327.26,508,82349,31800,4633
Ebrach,Bamberg,84,BambergLandII,382,1030,1046,971,1024,1067,1403,1287,1344,OF,10.49722,49.84777,DEBKGGND00000RP9,,E,3135,0,Z,0,0,0,0,0,0,0
Edenkoben,LandauPfalz,125,LandauPfalz,5064,4889,4898,5008,4914,5128,5232,5144,5069,PF,8.126944,49.2825,DEBKGGND00000RQK,Edenkoben,E,22078.68,0,Z,0,0,0,0,0,0,0
Eggenfelden,Eggenfelden,33,Eggenfelden,1525,1895,2237,2202,2377,2470,2561,2769,3102,NB,12.76222,48.40333,DEBKGGND00000INB,,E,12438.25,1,Rm,312,4841.74,1884.41,443,46595,26011,3978
Eggmuehl,Mallersdorf,40,Mallersdorf,331,328,341,354,334,363,359,418,433,NB,12.18138,48.84305,DEBKGGND00000CTP,Eggmühl,E,1464.2,1,Rg,342,5902.27,2941.39,397,34774,11663,1544
Eichstaett,Eichstaett,3,Eichstaett,7396,7136,7489,7655,7546,7722,7701,7942,8029,MF,11.18305,48.89194,DEBKGGND000002TS,,V,31423.89,1,I,508,20071.25,13243.27,539,116775,26453,14918
Eisenstein,Regen,43,Regen,421,656,912,864,881,1143,1212,1183,1262,NB,13.20333,49.12194,DEBKGGND00000I9R,Bayerisch Eisenstein,E,3057.23,1,Rm,531,29627.85,27627.34,484,68720,254558,201274
Eltmann,Hassfurt,169,Hassfurt,1361,1464,1529,1576,1525,1571,1641,1812,1801,UF,10.66444,49.97138,DEBKGGND00000LI5,,E,7330.28,0,Z,0,0,0,0,0,0,0
Endorf,Rosenheim,73,RosenheimAibling,722,958,1057,1112,1213,1314,1466,1568,1672,OB,11.86944,49.07833,DEBKGGND00000UV7,,E,3703.4,1,Rm,444,10395.09,7756.56,448,48445,25258,3776
Ensheim,SanktIngbert,129,ZweibrueckenStIngbert,1262,1662,1745,1798,1888,1999,2269,2554,2770,PF,8.115833,49.80666,DEBKGGND00000JMZ,Ensheim,E,2912.57,0,Z,0,0,0,0,0,0,0
Erbendorf,NeustadtWaldnaab,112,NeustadtWN,1359,1436,1419,1355,1304,1288,1261,1266,1310,OP,12.04805,49.83805,DEBKGGND000004Y9,Erbendorf,E,4660.85,0,Z,0,0,0,0,0,0,0
Erding,Erding,61,Erding,2099,2755,2862,2998,3104,3341,3388,3813,3834,OB,11.90472,48.30527,DEBKGGND00000TCN,Erding,E,14240.25,1,m,425,9700.39,4642.9,534,103182,45590,8387
Ergoldsbach,Mallersdorf,40,Mallersdorf,688,1182,1345,1373,1406,1492,1656,1812,2035,NB,12.20416,48.69166,DEBKGGND00000AWO,Ergoldsbach,E,4304.32,1,Rg,417,9357.77,6776.65,381,32877,7571,12167
Erlangen,Erlangen,4,Erlangen,10630,13597,14876,15828,17559,20892,22953,23737,24877,MF,11.00472,49.595,DEBKGGND0000018A,Erlangen,V,73190.46,1,B,572,86647.05,27914.93,607,733100,146969,74386
Ettringen,Mindelheim,152,Mindelheim,703,771,859,902,896,942,953,956,1088,SC,10.65222,48.10388,DEBKGGND00000F6H,Ettringen,N,0,0,Z,0,0,0,0,0,0,0
Fall,m,0,NA,,,,,,,,,,,11.53166,47.56916,DEBKGGND00000LVH,Fall,N,0,0,Z,0,0,0,0,0,0,0
Feldafing,Muenchen,71,MuenchenLandI,304,494,542,500,498,545,632,692,745,OB,11.29305,47.9475,DEBKGGND00000S19,Feldafing,E,3724.12,1,M,325,5282.28,1993.57,321,23424,19835,3676
Feldkirchen,Muenchen,71,MuenchenLandI,310,405,409,422,443,498,666,876,1079,OB,11.72944,48.14666,DEBKGGND00000NH3,Feldkirchen,E,1244.41,1,M,268,3898.18,846.5,265,17238,4737,3629
Feucht,Nuernberg,20,NuernbergLand,663,804,869,911,998,1226,1095,1058,1281,MF,11.21305,49.37638,DEBKGGND00000G7B,Feucht,E,1312.36,1,Rg,194,2523.42,492.91,335,25438,5738,2333
Feuchtwangen,Feuchtwangen,14,Feuchtwangen,2232,2535,2711,2468,2372,2355,2385,2428,2486,MF,10.33138,49.1675,DEBKGGND00000IAI,Feuchtwangen,E,10256.99,0,N,287,4211.95,1029.14,462,55395,9171,7521
Fichtelberg,Bayreuth,85,BayreuthLand,1053,1045,1094,1079,1118,1115,1156,1255,1408,OF,11.85166,50.00083,DEBKGGND00000IUK,Fichtelberg,E,2111.85,0,Z,0,0,0,0,0,0,0
Fischach,Augsburg,140,AugsburgSchwabmuenchen,542,660,672,661,670,688,753,715,743,SC,10.65555,48.29027,DEBKGGND00000O8P,Fischach,E,2786.09,0,Z,0,0,0,0,0,0,0
Forchheim,Forchheim,88,Forchheim,3019,3848,4384,5041,5971,6790,7591,8417,9150,OF,11.05944,49.72527,DEBKGGND00000FGX,Forchheim,E,19058.16,1,B,523,25500.81,7591,578,235672,50175,17229
Frankenthal,Frankenthal,184,Frankenthal,4322,7907,9043,10907,13008,14445,16899,18190,18779,PF,8.354166,49.53555,DEBKGGND00000N6G,Frankenthal (Pfalz),E,51784.64,0,Z,0,0,0,0,0,0,0
Freilassing,Laufen,68,Laufen,774,923,950,970,1101,1183,1687,2484,3032,OB,12.97916,47.84194,DEBKGGND00000SS3,Freilassing,E,5376.11,1,rm,298,4488.66,1860.88,496,72577,23492,17113
Freinsheim,NeustadtWeinstrasse,126,NeustadtDuerkheim,2188,2143,2343,2414,2427,2422,2462,2504,2586,PF,8.212777,49.50694,DEBKGGND00000Q2A,Freinsheim,E,7218.35,0,Z,0,0,0,0,0,0,0
Freising,Freising,50,Freising,4926,7783,8253,8850,9125,9486,9750,10090,13586,OB,11.74833,48.40361,DEBKGGND000001V8,Freising,E,39003.32,0,Rg,517,23333.07,7830.95,580,255561,65473,28886
Freyung,Wolfstein,49,Wolfstein,619,789,779,795,810,879,974,1042,1042,NB,13.5475,48.80888,DEBKGGND00000WUO,Freyung,E,7516.95,0,Z,0,0,0,0,0,0,0
Friedberg,Friedberg,63,Friedberg,1982,2400,2498,2606,2679,2658,3009,3150,3300,OB,10.98444,48.35388,DEBKGGND000007EY,Friedberg,E,6338.89,1,I,329,5525.59,2530.63,389,33768,14288,2834
Frontenhausen,Vilsbiburg,47,Vilsbiburg,1054,1327,1477,1450,1493,1593,1638,1676,1664,NB,12.52555,48.54583,DEBKGGND00000L0W,Frontenhausen,E,4419.33,1,Rm,409,8980.22,2387.76,452,49612,21356,3908
Fuerstenzell,Passau,41,PassauWegscheid,1100,1270,1324,1373,1401,1459,1479,1646,1730,NB,13.31805,48.5225,DEBKGGND00000JQA,Fürstenzell,E,788.42,0,Z,0,0,0,0,0,0,0
Fuerth,Fuerth,5,Fuerth,14989,27360,31063,35455,43206,46726,54144,60635,66553,MF,10.98777,49.47111,DEBKGGND00000LDW,Fürth,Amt,271885.59,0,N,584,124286.16,30239.73,616,1606622,192225,392352
Fuessen,Fuessen,143,Fuessen,1648,2415,2606,2768,2989,3186,3847,4462,5099,SC,10.70027,47.56944,DEBKGGND00000VUF,Füssen,E,14136.76,0,Z,0,0,0,0,0,0,0
FurthWald,Cham,106,Cham,3052,4338,4637,4926,4939,5085,5375,5732,6027,OP,12.84277,49.30777,DEBKGGND000006J5,Furth im Wald,E,11823.98,0,Wn,574,88986,22579.22,594,421573,221963,603604
Garmisch,Garmisch,65,Garmisch,2675,2968,3045,3206,3654,3880,4620,5233,6709,OB,11.10527,47.49388,DEBKGGND00000UF0,Garmisch-Partenkirchen,E,12474.92,0,Z,0,0,0,0,0,0,0
Gefrees,Muenchberg,94,Muenchberg,1554,1576,1560,1551,1442,1389,1457,1643,1583,OF,11.73861,50.09472,DEBKGGND00000UTT,Gefrees,E,5712.19,0,B,339,5852.3,3522.94,297,20486,13289,2450
Geiselhoering,Mallersdorf,40,Mallersdorf,1205,1820,1769,1754,1889,1947,2044,2168,2333,NB,12.39111,48.82472,DEBKGGND00000RO0,Geiselhöring,E,5629.46,1,Rg,382,7293.18,4672.48,441,46390,10475,2893
Geisenfeld,Pfaffenhofen,72,Pfaffenhofen,1054,1816,1933,2032,1872,1899,1844,1981,2060,OB,11.61194,48.68388,DEBKGGND00000ONU,Geisenfeld,E,8601.26,0,Z,0,0,0,0,0,0,0
Gemuenden,Gemuenden,174,LohrGemuenden,1558,1851,2131,2043,2042,2171,2187,2386,2376,UF,9.700555,50.05111,DEBKGGND00000BR3,Gemünden a. Main,V,8803.98,1,Wg,565,56190.34,16165.15,557,156533,47093,73844
Georgensgmuend,Schwabach,23,SchwabachLand,1020,1323,1386,1529,1519,1531,1580,1607,1660,MF,11.01444,49.18777,DEBKGGND00000NQV,Georgensgmünd,E,3828.6,1,N,428,9752.09,4691.38,461,54787,17273,8400
Germersheim,Germersheim,121,Germersheim,3533,6455,6449,6128,6137,5736,5868,5914,5838,PF,8.3675,49.21861,DEBKGGND00000URP,Germersheim,E,28216.37,0,Z,0,0,0,0,0,0,0
Gerolzhofen,Gerolzhofen,167,Gerolzhofen,2050,2072,2225,2264,2168,2227,2163,2533,2553,UF,10.35083,49.89972,DEBKGGND00000VK7,Gerolzhofen,E,5595.15,0,Z,0,0,0,0,0,0,0
Goellheim,Kirchheimbolanden,123,Kaiserslautern,1845,1637,1668,1613,1651,1631,1592,1619,1663,PF,8.051111,49.59472,DEBKGGND00000AW7,Göllheim,E,3852.63,0,Z,0,0,0,0,0,0,0
Graefenberg,Forchheim,88,Forchheim,949,1050,1111,1182,1154,1120,1099,1153,1150,OF,11.25111,49.64472,DEBKGGND00000NZZ,Gräfenberg,E,3209.38,0,Z,0,0,0,0,0,0,0
Grafenau,Grafenau,34,Grafenau,774,1018,1154,1073,1173,1129,1253,1235,1344,NB,13.39722,48.85861,DEBKGGND00000RQF,Grafenau,E,6294.95,0,Z,0,0,0,0,0,0,0
Grafengehaig,Stadtsteinbach,98,Stadtsteinach,600,650,665,666,644,570,552,548,475,OF,11.59305,50.20388,DEBKGGND00000WI9,Grafengehaig,E,2927.46,0,Z,0,0,0,0,0,0,0
Grafing,Ebersberg,60,Ebersberg,624,891,882,933,944,969,1059,1069,1130,OB,11.96583,48.04527,DEBKGGND00000QND,Grafing b. München,E,5100.65,1,Rm,451,10676.17,7928.21,436,44924,24936,13369
Grassau,Traunstein,77,TraunsteinLand,1022,1136,1236,1370,1465,1528,1669,1794,1945,OB,12.45138,47.77833,DEBKGGND00000H7O,Grassau,E,3080.19,0,Z,0,0,0,0,0,0,0
Griesbach,Griesbach,35,Griesbach,901,1190,1193,1264,1199,1233,1247,1272,1237,NB,13.19277,48.45277,DEBKGGND00000BG1,Bad Griesbach i. Rottal,E,6740.3,0,Rm,1,0,0,1,1983,0,0
Groenenbach,Memmingen,151,MemmingenLand,1747,1707,1656,1799,1777,1755,1825,1918,1988,SC,10.22111,47.875,DEBKGGND00000S5U,Bad Grönenbach,E,3683.96,1,K,247,3498.58,2486.62,284,19422,5354,1972
Gruenenbach,Lindau,149,LindauLand,331,657,650,661,699,667,692,662,782,SC,10.01055,47.62916,DEBKGGND00000TOJ,Grünenbach,N,0,0,Z,0,0,0,0,0,0,0
Gruenstadt,Frankenthal,184,Frankenthal,3547,3531,3810,3668,3606,3635,3931,4514,4710,PF,8.168055,49.5625,DEBKGGND00000AUO,Grünstadt,E,21496.54,0,Z,0,0,0,0,0,0,0
Guenzburg,Guenzburg,133,Guenzburg,5200,3808,4014,4114,4114,4339,4624,4747,4585,SC,10.28138,48.45444,DEBKGGND00000LY8,Günzburg,E,15278.99,1,A,496,16953.55,7895.73,559,160586,40893,17307
Gunzenhausen,Gunzenhausen,16,Gunzenhausen,2600,3434,3755,3807,3853,4181,4503,4849,5278,MF,10.75916,49.11333,DEBKGGND00000HOJ,Gunzenhausen,V,18530.18,1,I,498,17590.77,6334.61,571,212798,22941,13002
Haag,Wasserburg,78,Wasserburg,870,1031,1033,1033,1085,1062,1257,1284,1339,OB,12.185,48.16138,DEBKGGND00000F9Q,Haag i. OB,E,7019.16,0,Z,0,0,0,0,0,0,0
Hammelburg,Hammelburg,168,Hammelburg,2632,2762,3013,2981,2889,2867,2872,3006,2911,UF,9.889444,50.11583,DEBKGGND00000DQY,Hammelburg,E,11326.07,0,Z,0,0,0,0,0,0,0
Hassfurt,Hassfurt,169,Hassfurt,1833,2500,2656,2560,2570,2487,2490,2696,2811,UF,10.50638,50.03138,DEBKGGND0000087J,Haßfurt,E,13986.29,1,B,479,14074.48,6748.4,542,122969,26672,9948
Hassloch,NeustadtWeinstrasse,126,NeustadtDuerkheim,5033,5069,5469,5666,5788,5932,6423,7115,7116,PF,8.255555,49.36305,DEBKGGND00000O4X,Haßloch,E,8172.71,0,Z,0,0,0,0,0,0,0
Hauenstein,Pirmasens,127,Pirmasens,369,658,659,674,758,812,1224,1502,1814,PF,7.853611,49.18944,DEBKGGND00000NGH,Hauenstein,N,0,0,Z,0,0,0,0,0,0,0
Hauzenberg,Wegscheid,41,PassauWegscheid,672,823,870,904,937,961,1058,1316,1437,NB,13.62583,48.65194,DEBKGGND000007Q4,Hauzenberg,E,2292.84,0,Z,0,0,0,0,0,0,0
Helmbrechts,Muenchberg,94,Muenchberg,1993,2666,2910,3381,4131,4440,4854,5253,5444,OF,11.71583,50.23666,DEBKGGND00000W6G,Helmbrechts,E,11549.44,0,Z,0,0,0,0,0,0,0
Hengersberg,Deggendorf,31,DeggendorfLand,1048,1361,1460,1414,1467,1454,1430,1498,1550,NB,13.05166,48.77333,DEBKGGND00000TMM,Hengersberg,E,6025.74,0,Z,0,0,0,0,0,0,0
Herrieden,Feuchtwangen,14,Feuchtwangen,1049,991,1072,1027,991,969,935,1011,1041,MF,10.49722,49.23277,DEBKGGND000002J6,Herrieden,E,3518.49,0,Z,0,0,0,0,0,0,0
Herrsching,Muenchen,71,MuenchenLandI,357,356,409,377,359,354,448,583,997,OB,11.17694,47.99861,DEBKGGND00000A3U,Herrsching a. Ammersee,E,1572.3,0,Z,0,0,0,0,0,0,0
Hersbruck,Hersbruck,17,HersbruckLauf,2309,3556,3809,4039,3761,3957,4016,4333,4552,MF,11.4325,49.50944,DEBKGGND00000SQY,Hersbruck,E,11555.39,0,N,423,17120.91,3728.3,533,157563,31452,11429
Herzogenaurach,Hoechstadt,89,Hoechstadt,1863,2174,2520,2533,2531,2623,2823,3159,3515,OF,10.88361,49.56833,DEBKGGND00000WXU,Herzogenaurach,E,1499.69,0,Z,0,0,0,0,0,0,0
Hilpoltstein,Hilpoltstein,18,Hilpoltstein,1505,1521,1574,1551,1431,1480,1456,1535,1513,MF,11.18861,49.19055,DEBKGGND000004L4,Hilpoltstein,E,4166.07,0,Z,0,0,0,0,0,0,0
Hirschau,Amberg,103,AmbergLand,1385,1829,1930,1869,1748,1776,1801,1892,1945,OP,11.9425,49.54416,DEBKGGND00000XM7,Hirschau,E,2344.12,0,Z,0,0,0,0,0,0,0
Hochspeyer,Kaiserslautern,123,Kaiserslautern,1471,1794,1878,2085,2253,2323,2508,2685,2882,PF,7.895277,49.44388,DEBKGGND00000VXW,Hochspeyer,E,2203.22,0,Z,0,0,0,0,0,0,0
Hof,Hof,82,Hof,7985,18268,20997,22257,24455,27556,32781,36417,41126,OF,11.91333,50.31638,DEBKGGND0000003N,Hof,Amt,103755.27,0,B,578,92990.58,27777.56,613,1027480,487298,653517
Hofheim,Hofheim,173,KoenigshofenHofheim,845,928,948,974,875,913,939,1025,985,UF,10.52444,50.13916,DEBKGGND00000O1K,Hofheim i. UFr.,E,7073.7,0,Z,0,0,0,0,0,0,0
Holzkirchen,Miesbach,69,Miesbach,564,1271,1316,1318,1475,1710,1958,2309,2430,OB,11.7,47.87833,DEBKGGND00000FM5,Holzkirchen,V,8923.73,0,M,522,25120.32,11574.58,541,122149,35629,30423
Homburg,Homburg,122,Homburg,3205,3612,4030,3926,4273,4531,4785,5493,7196,PF,7.34,49.32361,DEBKGGND00000QBX,Homburg,E,13895.56,0,Z,0,0,0,0,0,0,0
Hornbach,Zweibruecken,129,ZweibrueckenStIngbert,1667,1457,1503,1492,1359,1357,1339,1472,1447,PF,7.368055,49.18722,DEBKGGND00000RNN,Hornbach,E,2604.07,0,Z,0,0,0,0,0,0,0
Hutthurm,Passau,41,PassauWegscheid,635,672,761,795,891,830,827,921,939,NB,13.47416,48.67333,DEBKGGND00000ST4,Hutthurm,N,0,0,Z,0,0,0,0,0,0,0
Ichenhausen,Guenzburg,144,GuenzburgLand,2489,2450,2540,2630,2666,2820,2688,2659,2537,SC,10.30527,48.3725,DEBKGGND00000SNH,Ichenhausen,E,12332.2,0,Z,0,0,0,0,0,0,0
Illertissen,Illertissen,145,Illertissen,1179,1400,1480,1479,1543,1590,1636,1769,1989,SC,10.10527,48.22277,DEBKGGND0000094X,Illertissen,E,6002.16,1,K,434,9926.8,5507.52,494,71560,26839,5643
Immenstadt,Sonthofen,156,Sonthofen,1257,2487,2738,2925,3178,3555,3963,4569,5029,SC,10.22111,47.56138,DEBKGGND000007EJ,Immenstadt i. Allgäu,V,28606.7,1,K,507,19649.96,8221.5,576,235346,25541,38609
Ingenheim,Bergzabern,183,Bergzabern,1648,1518,1519,1478,1376,1322,1295,1271,1241,PF,8.080555,49.13583,DEBKGGND00000RA6,Ingenheim,E,6756.25,0,Z,0,0,0,0,0,0,0
Ingolstadt,Ingolstadt,51,Ingolstadt,9189,14485,15251,16388,17646,20656,22207,23531,23745,OB,11.42444,48.76555,DEBKGGND00000OAJ,Ingolstadt,Amt,60364.2,0,I,566,62885.91,22106.94,595,468801,104795,67738
Ismaning,Muenchen,71,MuenchenLandI,736,1236,1365,1472,1626,1734,1951,2038,2359,OB,11.67333,48.225,DEBKGGND00000A3W,Ismaning,E,1244.3,0,Z,0,0,0,0,0,0,0
Kaiserslautern,Kaiserslautern,123,Kaiserslautern,8250,22669,26323,31449,37047,40828,48310,52306,54659,PF,7.763611,49.4425,DEBKGGND00000RA1,Kaiserslautern,Amt,138702.68,0,Z,0,0,0,0,0,0,0
Kallmuenz,Burglengenfeld,105,Burglengenfeld,1081,1236,1342,1346,1304,1320,1282,1307,1285,OP,11.95611,49.16111,DEBKGGND00000CEO,Kallmünz,E,1488.69,0,Z,0,0,0,0,0,0,0
Kandel,Germersheim,121,Germersheim,3761,3445,3633,3677,3554,3576,3601,3665,3882,PF,8.1925,49.08111,DEBKGGND00000X8S,Kandel,E,7085.67,0,Z,0,0,0,0,0,0,0
Karlstadt,Karlstadt,170,Karlstadt,1999,2303,2440,2320,2525,2660,2886,3089,3225,UF,9.765555,49.96194,DEBKGGND00000798,Karlstadt,E,9214.41,1,Wg,288,4245.89,2174.86,481,61340,8991,9856
Kaufbeuren,Kaufbeuren,134,Kaufbeuren,4050,5553,6268,6495,7331,7676,8361,8955,9094,SC,10.62416,47.88111,DEBKGGND000007FQ,Kaufbeuren,V,45559.22,1,K,530,29089.14,11399.76,583,302050,73977,33874
Kelheim,Kelheim,36,Kelheim,2310,2838,3004,3162,3390,3606,3736,3766,3837,NB,11.86972,48.91888,DEBKGGND00000HHE,Kelheim,E,8827.2,0,I,345,6034.41,4248.83,416,39006,7535,25513
Kemnath,Kemnath,108,Kemnath,1551,1503,1476,1448,1454,1455,1402,1441,1394,OP,11.88694,49.87,DEBKGGND00000HRN,Kemnath,E,5213.95,0,Wn,497,17343.04,15918.82,432,43525,7206,2293
Kempten,Kempten,135,Kempten,7788,12682,13872,14368,15760,17353,18864,20663,21001,SC,10.31083,47.72388,DEBKGGND00000IDQ,Kempten (Allgäu),Amt,109631.15,1,K,580,97028.6,37492.85,611,938417,98181,143546
Kirchenlamitz,Wunsiedel,100,Wunsiedel,1606,2043,4065,1990,2095,2060,2107,2228,2258,OF,11.95055,50.15166,DEBKGGND000007LN,Kirchenlamitz,E,3771.57,1,Wn,470,12932.38,11085.83,293,20144,6316,6530
Kirchheim,Mindelheim,152,Mindelheim,2635,3205,3348,3573,3771,4007,4184,4403,4536,SC,10.47388,48.17277,DEBKGGND00000BJ9,Kirchheim i. Schw.,E,3669.64,0,Z,0,0,0,0,0,0,0
Kirchheimbolanden,Kirchheimbolanden,123,Kaiserslautern,3198,3138,3395,3432,3500,3604,3458,3647,3560,PF,8.011388,49.66388,DEBKGGND00000TT2,Kirchheimbolanden,E,19918.06,0,Z,0,0,0,0,0,0,0
Kitzingen,Kitzingen,160,Kitzingen,5120,6393,6966,7177,7507,8002,8489,8876,9113,UF,10.16111,49.73694,DEBKGGND00000FVI,Kitzingen,V,41857.91,1,Wg,551,38975.44,15832.64,590,365776,67060,45319
Klingenberg,Obernburg,179,Obernburg,838,860,918,1014,1010,1161,1328,1503,1587,UF,9.183055,49.78333,DEBKGGND00000WFZ,Klingenberg a. Main,E,5643.53,1,Wg,159,1871.04,1173.84,275,17931,2532,969
Kochel,BadToelz,76,BadToelz,717,733,811,766,725,885,959,1209,1317,OB,11.36805,47.65861,DEBKGGND00000USY,Kochel a. See,E,2902.6,0,Z,0,0,0,0,0,0,0
Koenigshofen,Koenigshofen,173,KoenigshofenHofheim,1558,1789,1876,1791,1740,1773,1729,1768,1802,UF,9.206944,50.06083,DEBKGGND000003YP,Königshofen an der Kahl,E,8689.92,0,Z,0,0,0,0,0,0,0
Koetzting,Koetzting,37,Koetzting,1458,1642,1626,1666,1621,1713,1795,1882,2088,NB,12.85472,49.17472,DEBKGGND00000QXI,,E,6986.88,0,Z,0,0,0,0,0,0,0
Konradsreuth,Hof,90,HofLand,1555,1790,1703,1737,1718,1650,1509,1525,1462,OF,11.84583,50.26861,DEBKGGND00000HKW,Konradsreuth,E,979.17,0,Z,0,0,0,0,0,0,0
Kraiburg,Muehldorf,70,Muehldorf,793,1003,1052,1042,1066,1004,1044,1029,1026,OB,12.42861,48.18138,DEBKGGND00000VQY,Kraiburg a. Inn,E,5866.3,1,Rm,283,4164.05,2434.52,287,19671,14005,2239
Kreuth,Miesbach,69,Miesbach,570,690,688,744,778,871,1090,1076,1074,OB,11.74305,47.64472,DEBKGGND00000NVT,Kreuth,E,6144.75,0,Z,0,0,0,0,0,0,0
Kronach,Kronach,91,KronachTeuschnitz,3399,3685,4037,4137,4140,4252,4788,5206,5434,OF,11.32527,50.23888,DEBKGGND00000GAF,Kronach,E,26440.92,1,B,521,24408.74,14168.23,560,166702,49389,32866
Krumbach,Krumbach,148,Krumbach,1370,1763,1863,1882,1858,1966,1931,3323,3358,SC,10.36388,48.24305,DEBKGGND00000XWN,Krumbach (Schwaben),E,14253.3,0,Z,0,0,0,0,0,0,0
Kulmbach,Kulmbach,92,Kulmbach,3966,5216,5818,6303,6999,8112,9428,10543,10731,OF,11.45111,50.10694,DEBKGGND000007P3,Kulmbach,E,35492.19,1,B,576,91230.83,33381.03,604,639086,167621,120602
Kusel,Kusel,124,Kusel,2346,2861,3091,3004,2966,2956,3122,3470,3503,PF,7.400277,49.5375,DEBKGGND00000BVJ,Kusel,E,14302.84,0,Z,0,0,0,0,0,0,0
Lam,Koetzting,37,Koetzting,1152,1562,1561,1578,1645,1758,1905,1844,1872,NB,13.05361,49.19472,DEBKGGND00000HJC,Lam,E,3883.3,0,Z,0,0,0,0,0,0,0
Lambrecht,NeustadtWeinstrasse,126,NeustadtDuerkheim,2169,2980,2963,3150,3291,3427,3629,3700,3625,PF,8.069722,49.37222,DEBKGGND00000P8N,Lambrecht (Pfalz),E,16826.81,0,Z,0,0,0,0,0,0,0
LandauIsar,LandauIsar,38,LandauIsar,1896,2893,3188,3165,2993,3149,3205,3386,3228,NB,12.69388,48.66888,DEBKGGND000006CK,Landau a.d. Isar,E,11698.98,0,Rm,474,13594.77,4186.49,530,99371,37586,27913
LandauPfalz,LandauPfalz,125,LandauPfalz,11818,7579,8749,9395,11136,13617,15824,17165,17767,PF,8.112222,49.19638,DEBKGGND000000Y3,Landau in der Pfalz,V,69685.11,0,Z,0,0,0,0,0,0,0
Landsberg,Landsberg,52,Landsberg,3195,4956,5243,5125,5470,5650,5977,6505,7285,OB,10.87777,48.04944,DEBKGGND000007OH,Landsberg am Lech,E,22925.03,0,K,510,21192.05,13356.84,529,68281,32997,20780
Landshut,Landshut,27,Landshut,9307,14780,17225,17873,18862,20555,21737,24217,25137,NB,12.15222,48.53722,DEBKGGND00000XNC,Landshut,Amt,102657.75,0,Rg,570,80384.23,21850.39,606,712878,173914,82272
Landstuhl,Kaiserslautern,123,Kaiserslautern,2152,3448,3667,3704,3642,3719,4204,4444,4502,PF,7.568611,49.41,DEBKGGND00000CG0,Landstuhl,E,13526.46,0,Z,0,0,0,0,0,0,0
Langenzenn,Fuerth,15,FuerthLand,1984,1712,1776,1732,1722,1795,1951,1973,2003,MF,10.79555,49.49527,DEBKGGND00000WOZ,Langenzenn,E,2717.99,1,Wg,241,3411.28,1027.76,369,30206,10084,1185
Langquaid,Rottenburg,44,RottenburgMainburg,727,1081,1175,1245,1160,1155,1098,1176,1169,NB,12.05138,48.82222,DEBKGGND00000MMR,Langquaid,E,4327.82,0,Z,0,0,0,0,0,0,0
Lauf,Lauf,17,HersbruckLauf,3122,3298,3509,3559,3385,3586,4084,4943,5622,MF,11.27972,49.5075,DEBKGGND00000Q2Z,Lauf a.d. Pegnitz,E,10821.46,0,N,455,19291.11,3709.25,555,280605,47571,8193
Lauingen,Dillingen,141,DillingenLand,3604,3784,3930,3861,3845,3946,3870,4116,4423,SC,10.43027,48.57083,DEBKGGND00000S68,Lauingen (Donau),E,10080.35,1,A,481,14251.48,8736.5,505,77799,18156,3224
Lauterecken,Kusel,124,Kusel,1231,1237,1387,1470,1572,1767,1952,2221,2288,PF,7.592777,49.64944,DEBKGGND00000ARU,Lauterecken,E,4949.44,0,Z,0,0,0,0,0,0,0
Lenggries,BadToelz,76,BadToelz,2263,2498,2671,2815,2914,2955,3217,3294,3505,OB,11.57694,47.6825,DEBKGGND00000TV3,Lenggries,E,5979.63,0,Z,0,0,0,0,0,0,0
Lichtenfels,Lichtenfels,93,Lichtenfels,1902,2359,2487,2712,2959,3663,3934,4221,4453,OF,11.06833,50.14694,DEBKGGND0000033J,Lichtenfels,A,45997.47,1,B,561,53843.23,26381.03,609,828904,138846,136331
Lindau,Lindau,136,Lindau,3902,4445,5124,5337,5329,5629,5853,6531,6618,SC,9.691666,47.55388,DEBKGGND00000JZL,Lindau (Bodensee),Amt,49324.02,1,K,590,220757.45,82251.83,622,4499088,1161939,1221625
Lindenberg,Lindau,149,LindauLand,1208,1639,1707,1898,2235,2399,3062,3813,4540,SC,10.71472,48.01666,DEBKGGND00000WTE,Lindenberg,E,12292.66,0,Z,0,0,0,0,0,0,0
Lohr,Lohr,174,LohrGemuenden,3726,4353,4733,4376,4207,4313,4323,4900,5369,UF,9.575833,49.99305,DEBKGGND00000BZB,Lohr a. Main,E,16167.22,0,Z,0,0,0,0,0,0,0
Ludwigshafen,Ludwigshafen,128,SpeyerLudwigshafen,90,12093,15012,21042,33216,39799,61914,72286,83301,PF,8.445277,49.48138,DEBKGGND00000AWX,Ludwigshafen am Rhein,Amt,115647.12,0,Z,0,0,0,0,0,0,0
Ludwigsstadt,Kronach,91,KronachTeuschnitz,1221,1516,1561,1690,1644,1676,1727,1785,1794,OF,11.38861,50.48472,DEBKGGND00000JFF,Ludwigsstadt,E,6231.26,0,Z,0,0,0,0,0,0,0
Lustadt,Germersheim,121,Germersheim,2255,2339,2349,2249,2218,2248,2150,2167,2210,PF,8.274444,49.24444,DEBKGGND00000HYW,Lustadt,E,1860.5,0,Z,0,0,0,0,0,0,0
Mainburg,Mainburg,44,RottenburgMainburg,1104,1802,1965,2189,2219,2368,2482,2817,2833,NB,11.78555,48.64166,DEBKGGND0000087G,Mainburg,E,10984.88,0,Z,0,0,0,0,0,0,0
Marktbreit,Kitzingen,172,KitzingenLand,1910,2229,2408,2445,2385,2358,2385,2329,2331,UF,10.14333,49.66638,DEBKGGND00000IV2,Marktbreit,V,20058.33,1,Wg,529,27750.73,12481.87,567,193018,26872,15404
Marktl,Altoetting,57,Altoetting,438,562,594,664,718,705,726,886,928,OB,12.84083,48.25388,DEBKGGND00000F3M,Marktl,E,2583.45,1,M,389,7548.78,3952.83,509,85363,34426,10657
MarktOberdorf,MarktOberdorf,150,MarktOberdorf,1093,1272,1460,1496,1551,1697,1837,2174,2321,SC,10.61833,47.77944,DEBKGGND00000DDP,Marktoberdorf,E,6868.53,1,K,92,1101.35,541.9,221,13397,2647,1051
Marktredwitz,Marktredwitz,100,Wunsiedel,1839,2091,2554,2354,2738,3001,4255,5685,6635,OF,12.08305,50.00305,DEBKGGND000006YZ,Marktredwitz,E,12562.34,0,Wn,488,16079.45,6451.54,550,136830,41286,17816
Marktzeuln,Lichtenfels,93,Lichtenfels,1026,1237,1271,1269,1226,1168,1120,1120,1097,OF,11.16888,50.16638,DEBKGGND00000237,Marktzeuln,E,5173.38,0,Z,0,0,0,0,0,0,0
Mellrichstadt,Mellrichstadt,176,Mellrichstadt,1759,2096,2247,2254,2177,2048,2014,2107,2176,UF,10.3025,50.42666,DEBKGGND00000LSQ,Mellrichstadt,E,9529.25,1,B,427,9730.32,6234.92,468,56670,18095,16442
Memmingen,Memmingen,137,Memmingen,6876,7762,8406,8688,9600,9972,10889,11620,12362,SC,10.18472,47.98833,DEBKGGND00000DX3,Memmingen,V,49707.89,1,K,549,36060.69,15292.07,591,372810,79206,50532
Mering,Friedberg,63,Friedberg,1529,2131,2257,2300,2220,2264,2448,2490,2541,OB,10.98444,48.2625,DEBKGGND00000MJF,Mering,E,4597.99,1,A,341,5894.77,2217.73,440,46347,13637,4894
Miesbach,Miesbach,69,Miesbach,1039,2067,2247,2398,2638,3055,3429,4042,4189,OB,11.83222,47.78777,DEBKGGND00000DI0,Miesbach,E,15688,1,M,541,32627.08,24316.79,524,94094,40496,9258
Miltenberg,Miltenberg,177,Miltenberg,2985,3561,3683,3627,3534,3528,3802,4120,4050,UF,9.257222,49.70111,DEBKGGND00000CSN,Miltenberg,E,20747.48,0,Wg,404,8634.23,3953.68,525,94792,28657,21336
Mindelheim,Mindelheim,152,Mindelheim,2635,3205,3348,3573,3771,4007,4184,4403,4536,SC,10.49138,48.04583,DEBKGGND000000Y5,Mindelheim,E,15216.81,0,K,483,14347.01,9057.01,527,96445,36081,8929
Mintraching,Regensburg,114,RegensburgLand,720,884,863,850,878,953,958,943,979,OP,12.24027,48.95416,DEBKGGND00000IKA,Mintraching,N,0,0,Z,0,0,0,0,0,0,0
Mittenwald,Garmisch,65,Garmisch,1751,1705,1782,1731,1791,1817,1864,1962,2065,OB,11.26027,47.44194,DEBKGGND000003AY,Mittenwald,E,3314.55,0,Z,0,0,0,0,0,0,0
Mitterteich,Tirschenreuth,118,Tirschenreuth,1581,1506,1563,1610,1759,1834,1935,1976,2075,OP,12.24333,49.95111,DEBKGGND00000H65,Mitterteich,E,4239.47,0,Wn,482,14252.31,12026.7,325,23967,8843,4203
Moosburg,Freising,62,FreisingLand,1879,2720,2922,3019,2012,2059,3136,3519,3556,OB,11.93472,48.46888,DEBKGGND000008MA,Moosburg a.d. Isar,E,7952.26,0,Rg,371,6975.89,2607.87,503,77271,22679,3564
Muehldorf,Muehldorf,70,Muehldorf,1742,2593,2666,2828,2938,3361,3517,4157,4472,OB,12.52055,48.24111,DEBKGGND00000778,Mühldorf a. Inn,V,12665.56,1,M,503,17816.28,9312.96,568,199378,57514,80052
Muenchberg,Muenchberg,94,Muenchberg,3192,3525,3874,4198,4451,4882,5637,6211,6580,OF,11.78944,50.19138,DEBKGGND00000V8S,Münchberg,E,27479.28,1,M,539,32243.72,10359.24,574,218849,52865,18004
Muenchen,Muenchen,53,Muenchen,113329,169693,193024,230023,350594,407307,499932,538983,596467,OB,11.57527,48.13694,DEBKGGND00000T7J,München,Amt,1833148.77,0,M,594,1120475.95,346398.34,624,14513269,2349335,3207944
Muennerstadt,BadKissingen,171,Kissingen,1497,2069,2203,2202,2270,2198,2173,2168,2232,UF,10.19472,50.24972,DEBKGGND000003KR,Münnerstadt,E,6293.16,1,B,205,2721.3,1076.92,376,32319,14260,3368
Muggendorf,Ebermannstadt,87,Ebermannstadt,409,415,463,472,453,429,447,521,521,OF,11.26305,49.80305,DEBKGGND00000WV1,Muggendorf,E,1682.3,0,Z,0,0,0,0,0,0,0
Murnau,Weilheim,79,Weilheim,1247,1503,1699,1630,1739,1777,2040,2256,2512,OB,11.20166,47.67416,DEBKGGND000000Q3,Murnau a. Staffelsee,E,9972,0,Z,0,0,0,0,0,0,0
Mutterstadt,Ludwigshafen,128,SpeyerLudwigshafen,2924,3259,3510,3676,3708,3932,4294,4642,5093,PF,8.354722,49.44027,DEBKGGND000006PM,Mutterstadt,E,3371.83,0,Z,0,0,0,0,0,0,0
Naila,Naila,95,Naila,2089,2090,2086,2206,2045,2313,2617,2837,3322,OF,11.70666,50.33027,DEBKGGND00000QSJ,Naila,E,6594.06,0,Z,0,0,0,0,0,0,0
Nesselwang,Fuessen,143,Fuessen,1631,1588,1597,1553,1555,1607,1637,1805,1937,SC,10.5,47.62166,DEBKGGND00000229,Nesselwang,E,4247.37,0,Z,0,0,0,0,0,0,0
NeuAltOetting,Altoetting,57,Altoetting,3349,5081,5672,5595,5886,6443,7221,8118,8582,OB,12.67638,48.225,DEBKGGND00000H5P,,E,26793.53,0,Z,0,0,0,0,0,0,0
Neuburg,Neuburg,138,Neuburg,6352,7291,7690,7485,7507,8204,8036,8533,9061,SC,11.17944,48.73444,DEBKGGND00000WH7,Neuburg a.d. Donau,V,29639.8,0,I,447,10507.67,4890.16,519,91209,27827,8666
Neuenmarkt,Kulmbach,92,Kulmbach,550,991,948,980,920,1128,1306,1362,1375,OF,11.57944,50.09055,DEBKGGND00000AP8,Neuenmarkt,E,3154.41,1,B,231,3197.27,611.06,449,48737,12923,3175
NeufahrnNB,Mallersdorf,40,Mallersdorf,402,745,692,697,734,895,1044,1105,1122,NB,12.18916,48.73416,DEBKGGND00000OBB,Neufahrn i. NB,E,2111.4,1,Rg,280,4112.86,2407.93,343,26975,8151,1801
NeumarktOP,NeumarktOberpfalz,110,NeumarktOP,4200,4600,5071,5451,5703,5866,6041,6369,6375,OP,11.45861,49.27972,DEBKGGND00000ANJ,Neumarkt i.d. OPf.,E,18500.6,0,Rg,492,16745.55,6550.42,552,140707,34672,13367
NeumarktRott,Muehldorf,70,Muehldorf,901,1237,1537,1373,1465,1535,1570,1646,1588,OB,12.50805,48.36194,DEBKGGND00000P6D,Neumarkt-Sankt Veit,E,9210.27,0,Rm,505,19512.38,1438.35,531,101265,25488,3566
NeustadtAisch,NeustadtAisch,19,NeustadtAisch,3837,3841,4114,4053,3748,3757,3870,4124,4494,MF,10.60833,49.58,DEBKGGND00000CO2,Neustadt a.d. Aisch,E,15962.12,1,Wg,467,12408.36,3201.4,553,141331,18694,10867
NeustadtHaardt,NeustadtWeinstrasse,126,NeustadtDuerkheim,6726,10222,11411,12255,15016,15994,17795,18576,19288,PF,8.14,49.35194,DEBKGGND00000K87,Neustadt an der Weinstraße,Amt,82444.76,0,Z,0,0,0,0,0,0,0
NeustadtSaale,BadNeustadtSaale,178,NeustadtSaale,1443,2201,2215,2166,2068,2072,2140,2176,2163,UF,10.20666,50.32666,DEBKGGND00000HIT,,E,15345.38,0,B,424,9680.83,6083.64,506,78385,27265,7958
Neuulm,Neuulm,154,NeuUlm,576,7049,7744,7593,7921,8684,9215,10763,12395,SC,9.998888,48.39416,DEBKGGND000000ED,Neu-Ulm,Amt,30421.71,1,A,555,43192.91,10304.42,587,355679,92972,56797
Nittenau,Roding,115,Roding,1153,1374,1383,1411,1349,1323,1361,1456,1431,OP,12.27111,49.19694,DEBKGGND00000GIT,Nittenau,E,4279.99,0,Z,0,0,0,0,0,0,0
Noerdlingen,Noerdlingen,139,Noerdlingen,6464,7223,7837,8095,8004,8263,8299,8511,8705,SC,10.49,48.85166,DEBKGGND00000G7Z,Nördlingen,Amt,47567.77,1,A,513,22299.43,10093.01,584,316146,54439,48979
Nordendorf,Donauwoerth,142,DonauwoerthLand,310,368,403,441,406,412,434,449,558,SC,10.83138,48.59444,DEBKGGND00000VDV,Nordendorf,E,2089.82,1,A,107,1294.47,654.26,249,15205,6851,1660
Nordheim,Mellrichstadt,176,Mellrichstadt,818,770,818,834,812,800,807,849,867,UF,10.18333,50.47805,DEBKGGND00000BYR,Nordheim v.d. Rhön,E,2358.35,0,Z,0,0,0,0,0,0,0
Nuernberg,Nuernberg,6,Nuernberg,46824,91018,99519,114891,142590,162386,261081,294426,333142,MF,11.075,49.45083,DEBKGGND00000BZM,Nürnberg,HE,966769.07,0,N,593,511566.07,128689.46,623,7114849,1004153,985380
Oberammergau,Garmisch,65,Garmisch,1155,1226,1349,1246,1366,1340,1559,1531,1881,OB,11.06666,47.59611,DEBKGGND00000DOV,Oberammergau,E,5503.9,0,Z,0,0,0,0,0,0,0
Oberau,Garmisch,65,Garmisch,164,183,158,170,125,190,363,347,387,OB,11.13472,47.55888,DEBKGGND000009R1,Oberau,E,413.88,0,Z,0,0,0,0,0,0,0
Oberaudorf,Rosenheim,73,RosenheimAibling,700,791,780,828,906,940,1002,1079,1150,OB,12.17222,47.64722,DEBKGGND0000065U,Oberaudorf,E,4198.09,1,Rm,304,4713.36,2920.32,351,28221,12624,6856
Oberguenzburg,MarktOberdorf,150,MarktOberdorf,1379,1352,1408,1427,1508,1542,1538,1645,1696,SC,10.41916,47.84583,DEBKGGND000005YN,Obergünzburg,E,7267.59,0,Z,0,0,0,0,0,0,0
Oberkotzau,Hof,90,HofLand,1438,2031,1951,2022,2075,2274,2583,2803,3112,OF,11.93083,50.26416,DEBKGGND00000XVQ,Oberkotzau,E,3080.19,1,B,426,9721.81,3080.85,488,70232,13866,6185
Obernburg,Obernburg,179,Obernburg,1766,1684,1676,1669,1643,1671,1735,1768,1795,UF,9.146944,49.84277,DEBKGGND00000UBF,Obernburg a. Main,E,4064.48,1,Wg,285,4188.33,1596.56,420,39690,12820,1509
Obernzell,Wegscheid,41,PassauWegscheid,1384,1439,1427,1481,1437,1382,1427,1441,1416,NB,13.63777,48.55444,DEBKGGND00000U0W,Obernzell,E,3453.82,0,Z,0,0,0,0,0,0,0
Oberstaufen,Sonthofen,156,Sonthofen,1715,1910,1885,1851,1832,1906,2039,2180,2255,SC,10.02222,47.55444,DEBKGGND00000C88,Oberstaufen,E,5981.37,1,K,437,9942.27,4724.15,491,71162,30288,8778
Oberstdorf,Sonthofen,156,Sonthofen,1889,1770,1830,1813,1892,1953,2365,2492,2797,SC,10.2775,47.40944,DEBKGGND00000S8S,Oberstdorf,E,3834.51,0,Z,0,0,0,0,0,0,0
Ochsenfurt,Ochsenfurt,180,Ochsenfurt,2172,2445,2582,2585,2647,2811,3002,3333,3449,UF,10.06222,49.66472,DEBKGGND00000A8V,Ochsenfurt,E,8119.96,1,Wg,518,23509.88,4948.2,561,167735,24566,7566
Odernheim,Rockenhausen,123,Kaiserslautern,1234,1347,1327,1390,1478,1540,1533,1604,1684,PF,7.705277,49.76527,DEBKGGND000003YL,Odernheim am Glan,E,2361.41,0,Z,0,0,0,0,0,0,0
Oettingen,Noerdlingen,155,NoerdlingenLand,3268,3892,3032,3156,3097,3110,2975,2906,2906,SC,10.60527,48.95527,DEBKGGND00000SM1,Oettingen i. Bay.,E,14199.77,1,A,403,8393.74,4285.07,507,80943,15776,11066
Ortenburg,Vilshofen,48,Vilshofen,1092,1112,1116,1096,1071,1056,1129,1122,1214,NB,13.22527,48.54305,DEBKGGND000002I4,Ortenburg,E,3542.43,0,Z,0,0,0,0,0,0,0
Osterhofen,Vilshofen,48,Vilshofen,1032,1640,1618,1578,1515,1595,1532,1586,1657,NB,13.0225,48.7,DEBKGGND00000N1X,Osterhofen,E,9713.96,0,Tg,397,8042.3,3362.7,478,60962,15917,4763
Ottobeuren,Memmingen,151,MemmingenLand,1656,1513,1579,1748,1799,1903,2059,2194,2399,SC,10.29611,47.94111,DEBKGGND000009G0,Ottobeuren,E,4553.07,0,Z,0,0,0,0,0,0,0
Pappenheim,Weissenburg,25,WeissenburgLand,1994,1781,1731,1791,1748,1626,1677,1772,1929,MF,10.97444,48.93472,DEBKGGND00000ODP,Pappenheim,E,6151.19,0,I,375,7185.37,5476.58,418,39144,10194,4495
Pasing,Muenchen,71,MuenchenLandI,449,1365,1450,1815,2563,4165,7090,7258,9413,OB,11.45944,48.14638,DEBKGGND00000XQE,Pasing,V,3629.85,1,M,490,16463.6,4284.31,535,113162,24327,25347
Passau,Passau,28,Passau,10211,14752,15365,15583,16633,17516,18003,18735,20983,NB,13.45694,48.57333,DEBKGGND00000S7B,Passau,Amt,74947.42,0,Rg,585,135633.77,98933.74,610,933805,557045,2422307
Pegnitz,Pegnitz,96,Pegnitz,1443,2281,1774,1673,1651,1830,2158,2309,2499,OF,11.53833,49.75222,DEBKGGND00000HQC,Pegnitz,E,5335.19,1,N,369,6707.44,1914.5,442,46560,14806,2498
Penzberg,Weilheim,79,Weilheim,413,1795,2267,2554,3542,3893,4784,5205,5533,OB,11.37611,47.75166,DEBKGGND00000KH5,Penzberg,E,3718.22,1,M,583,113420.32,109402.98,477,60823,15172,3832
Pfaffenhofen,Pfaffenhofen,72,Pfaffenhofen,1905,2756,2982,3456,3444,3596,3822,4148,4541,OB,11.50361,48.52972,DEBKGGND000002KA,Pfaffenhofen a.d. Ilm,E,13505.2,0,I,407,8832.54,3251.93,515,87704,27875,8699
Pfarrkirchen,Pfarrkirchen,42,Pfarrkirchen,1752,2235,2412,2471,2631,2775,2879,3253,3518,NB,12.93777,48.43194,DEBKGGND00000D6R,Pfarrkirchen,E,11802.92,0,Rm,269,3918.76,1526.63,456,51662,24685,2669
Pirmasens,Pirmasens,127,Pirmasens,41002,45220,48200,50383,57360,62460,71072,78217,86981,PF,7.608055,49.19722,DEBKGGND00000HDE,Pirmasens,E,112658.33,0,Z,0,0,0,0,0,0,0
Planegg,Muenchen,71,MuenchenLandI,426,610,656,700,808,859,1339,1395,1809,OB,11.42444,48.10555,DEBKGGND00000CDS,Planegg,E,2959.12,1,M,270,3926.36,1495.7,412,38588,12660,4457
Plattling,Deggendorf,31,DeggendorfLand,1254,2166,2744,2645,2773,3235,3888,4638,5244,NB,12.87333,48.77638,DEBKGGND000005QN,Plattling,E,6928.34,0,Rg,464,11891.51,5059.67,563,172464,33873,26441
Pocking,Griesbach,35,Griesbach,900,1099,1211,1320,1327,1450,1505,1716,1887,NB,13.31027,48.40027,DEBKGGND000000RN,Pocking,E,3970.5,1,Rm,243,3457.54,1198.68,366,29923,9222,2233
Pretzfeld,Ebermannstadt,87,Ebermannstadt,868,773,795,771,726,706,718,715,748,OF,11.17361,49.75611,DEBKGGND000004GB,Pretzfeld,E,2896.49,0,Z,0,0,0,0,0,0,0
Prien,Rosenheim,73,RosenheimAibling,908,1384,1713,1682,1707,1865,2108,2361,2510,OB,12.34416,47.85555,DEBKGGND000001BV,Prien a. Chiemsee,E,12572.21,0,Z,0,0,0,0,0,0,0
Rain,Neuburg,153,NeuburgLand,1302,1436,1449,1415,1420,1482,1538,1557,1592,SC,10.92083,48.69027,DEBKGGND000006R6,Rain,E,7035.98,1,I,333,5761.31,2106,377,32329,11859,2374
Regen,Regen,43,Regen,1291,2404,2153,2184,2231,2208,2366,2580,2828,NB,13.13083,48.97444,DEBKGGND00000G74,Regen,E,10349.77,0,Rm,526,27291.54,22676.09,485,6899,25091,8821
Regensburg,Regensburg,102,Regensburg,21942,31504,34516,36093,37934,41471,45429,48801,52624,OP,12.09694,49.01722,DEBKGGND00000FNK,Regensburg,HE,257840.63,0,R,589,199148.87,68359.85,618,2304846,413076,733176
Regenstauf,Regensburg,114,RegensburgLand,1732,2032,2094,2137,2040,2138,2217,2343,2413,OP,12.12777,49.12277,DEBKGGND00000CCJ,Regenstauf,E,3863.21,1,Wn,220,2996.07,1839.44,306,22216,2138,2768
Rehau,Rehau,97,Rehau,2578,3333,3416,3463,3552,3832,4167,5358,6045,OF,12.03555,50.24833,DEBKGGND00000QYB,Rehau,E,9092.09,1,Wn,472,13334.17,4596.55,455,51314,28333,6650
Riedenburg,Riedenburg,104,BeilngriesRiedenburg,1153,1325,1472,1513,1543,1658,1618,1823,1837,OP,11.6875,48.96361,DEBKGGND00000GQY,Riedenburg,E,5025.75,0,Z,0,0,0,0,0,0,0
Rockenhausen,Rockenhausen,123,Kaiserslautern,1860,1840,1868,1846,1774,1807,1822,1849,1904,PF,7.821944,49.62888,DEBKGGND00000G3K,Rockenhausen,E,4638.82,0,Z,0,0,0,0,0,0,0
Roding,Roding,115,Roding,1120,1367,1383,1296,1312,1422,1454,1433,1348,OP,12.06694,49.19222,DEBKGGND000006Z8,Roding,E,3788.56,1,Wn,259,3750.36,2550.2,305,22063,5440,4044
Rosenheim,Rosenheim,73,RosenheimAibling,3090,7501,8397,9257,10090,12196,14246,15409,15969,OB,12.12527,47.85527,DEBKGGND000007GO,Rosenheim,Amt,52327.45,1,R,573,87275,52010.92,608,753734,195750,220041
Roth,Schwabach,23,SchwabachLand,2454,2604,2872,3456,3323,3751,4049,4826,5307,MF,11.09166,49.24611,DEBKGGND00000QHY,Roth,E,11985.75,1,N,445,10406.18,2774.37,518,88940,19870,4141
Rothenburg,Rothenburg,7,Rothenburg,5231,5773,6504,6826,7001,7193,7923,8436,8612,MF,10.17861,49.38027,DEBKGGND00000SXE,Rothenburg ob der Tauber,E,25380.73,0,Wg,453,10701.91,2622.49,551,137782,35965,9115
RothenkirchenTeuschnitz,Kronach,91,KronachTeuschnitz,599,686,794,765,777,735,763,788,842,OF,11.31805,50.3625,DEBKGGND00000R9D,Rothenkirchen,E,1591.02,0,Z,0,0,0,0,0,0,0
Rott,Wasserburg,78,Wasserburg,692,888,1244,1261,1242,1331,1364,1463,1509,OB,12.1275,47.98305,DEBKGGND00000CJX,Rott a. Inn,E,1744.75,1,rm,164,1953.67,1205.64,281,19019,6758,1553
Rottenburg,Rottenburg,44,RottenburgMainburg,583,985,1025,1089,1045,1094,1124,1249,1295,NB,12.02694,48.70305,DEBKGGND00000LAP,Rottenburg a.d. Laaber,E,4691.55,0,Z,0,0,0,0,0,0,0
Ruelzheim,Germersheim,121,Germersheim,2731,3275,3065,3091,3183,3201,3370,3526,3465,PF,8.293333,49.155,DEBKGGND00000HNV,Rülzheim,E,4225.94,0,Z,0,0,0,0,0,0,0
Rupprechtstegen,Hersbruck,17,HersbruckLauf,417,520,508,487,501,456,478,474,524,MF,11.47388,49.58583,DEBKGGND00000D6N,Enzendorf,E,885.6,1,N,440,10293.72,8565.36,323,23626,7631,1285
SanktIngbert,SanktIngbert,129,ZweibrueckenStIngbert,4015,9220,9811,10321,10847,12278,14050,15521,17278,PF,7.115,49.27888,DEBKGGND00000XGY,St. Ingbert,E,19188.16,0,Z,0,0,0,0,0,0,0
Schaftlach,Miesbach,69,Miesbach,420,544,556,552,575,538,563,586,649,OB,11.68527,47.79083,DEBKGGND0000025R,Schaftlach,E,2148.49,1,M,524,25686.84,16320.64,521,91741,42617,8468
Scheslitz,Bamberg,83,BambergLandI,1077,1260,1383,1329,1297,1281,1225,1254,1301,OF,11.03611,49.97472,DEBKGGND00000LI6,Scheßlitz,E,3806.33,0,Z,0,0,0,0,0,0,0
Schifferstadt,Speyer,128,SpeyerLudwigshafen,3332,4112,4635,4865,5002,5244,6075,7505,8408,PF,8.374444,49.38472,DEBKGGND00000BZR,Schifferstadt,E,1962.48,0,Z,0,0,0,0,0,0,0
Schillingsfuerst,Rothenburg,21,RothenburgLand,1482,1625,1640,1615,1630,1631,1526,1599,1558,MF,10.25972,49.28638,DEBKGGND00000473,Schillingsfürst,E,5086,0,Z,0,0,0,0,0,0,0
Schleissheim,Muenchen,71,MuenchenLandI,616,957,918,911,969,1048,1056,1169,1392,OB,11.55416,48.25555,DEBKGGND00000RIR,Oberschleißheim,E,1721.41,1,Rg,395,7926.21,3271.15,319,23315,6988,1172
Schliersee,Miesbach,69,Miesbach,675,1204,1514,1436,1825,1925,2269,2560,3123,OB,11.85944,47.73722,DEBKGGND00000QNG,Schliersee,E,4164.75,1,M,487,15710.36,12240.31,379,32596,11789,6225
Schnaittach,Lauf,17,HersbruckLauf,1515,1627,1737,1703,1590,1726,1809,1857,1994,MF,11.34083,49.55944,DEBKGGND00000UXX,Schnaittach,E,4051.4,1,N,330,5580.95,1603.42,405,36672,9558,1318
Schongau,Schongau,74,Schongau,1555,1825,1814,1815,1977,2144,2472,2771,3247,OB,10.9,47.80972,DEBKGGND00000LRN,Schongau,E,8469.4,0,Z,0,0,0,0,0,0,0
Schrobenhausen,Schrobenhausen,75,Schrobenhausen,1884,2591,2726,2909,2918,2981,3104,3374,3631,OB,11.26472,48.55888,DEBKGGND00000HEX,Schrobenhausen,E,15452.07,1,I,494,16789.87,10684.42,517,88915,40470,5349
Schwabach,Schwabach,8,Schwabach,6981,7024,7513,7670,8104,8404,9385,10347,11195,MF,11.02444,49.32861,DEBKGGND000009H6,Schwabach,E,24950.31,0,N,538,31344.82,16101.08,573,217361,43958,16973
Schwaben,Ebersberg,60,Ebersberg,751,1058,1141,1210,1263,1265,1442,1578,1829,OB,11.86833,48.19083,DEBKGGND000008BL,Markt Schwaben,E,3474.71,1,M,402,8274.92,7290.15,385,33221,11544,5557
Schwabmuenchen,Schwabmuenchen,140,AugsburgSchwabmuenchen,2434,2726,2828,2979,2930,3224,3514,3601,3761,SC,10.7575,48.17888,DEBKGGND00000F5M,Schwabmünchen,E,10969.77,1,A,484,14587.72,9856.15,492,71171,28412,9179
Schwandorf,Schwandorf,105,Burglengenfeld,1737,3523,4139,4350,4436,5263,6095,6641,7406,OP,12.10555,49.3275,DEBKGGND00000EAH,Schwandorf,E,14304.47,0,wn,527,17596.59,10166.69,570,209218,48874,25835
Schwarzenbach,Hof,90,HofLand,3050,3984,3793,3815,3883,3938,4185,4252,4534,OF,11.93805,50.22083,DEBKGGND000008TI,Schwarzenbach a.d. Saale,E,11235.66,1,B,495,16795.61,5809.32,523,93061,30524,16019
Schweinfurt,Schweinfurt,161,Schweinfurt,7347,11233,12601,12502,12472,13514,15302,18463,22194,UF,10.23166,50.04555,DEBKGGND00000SPP,Schweinfurt,Amt,105495.49,0,B,568,65999.97,25887.06,603,635245,120028,110433
Seeshaupt,Weilheim,79,Weilheim,246,338,365,404,411,424,553,611,630,OB,11.30083,47.825,DEBKGGND00000PNF,Seeshaupt,E,1538.51,1,M,217,2921.85,2397.44,163,9941,3034,2643
Selb,Selb,97,Rehau,3140,4760,5098,5206,5426,6154,7213,8431,10500,OF,12.13055,50.16972,DEBKGGND000006SX,Selb,E,12935.15,1,Wn,546,34575.87,7602.08,554,142990,33070,39834
Siegsdorf,Traunstein,77,TraunsteinLand,850,996,1002,1050,1106,1118,1245,1298,1425,OB,12.64166,47.82111,DEBKGGND00000S4J,Siegsdorf,E,2587.8,0,Z,0,0,0,0,0,0,0
Simbach,Pfarrkirchen,42,Pfarrkirchen,1311,2875,3025,3208,3158,3287,3757,3978,4339,NB,13.02722,48.2675,DEBKGGND00000WNU,Simbach a. Inn,A,7275.2,1,M,545,33406.18,21012.27,579,254997,370399,1295488
Sonthofen,Sonthofen,156,Sonthofen,1912,2999,3113,3070,3078,3318,3775,3926,4188,SC,10.28111,47.51222,DEBKGGND000002TC,Sonthofen,E,14553.13,1,K,533,29834.06,15607.39,564,173538,53958,32582
Spalt,Schwabach,23,SchwabachLand,1752,1813,1944,2060,1971,1916,1858,1829,1805,MF,10.92472,49.17638,DEBKGGND000001AC,Spalt,E,4168.45,1,N,297,4468.26,801.51,383,32971,15049,4014
Speyer,Speyer,128,SpeyerLudwigshafen,11147,14321,15589,16238,17587,19044,20921,21856,23045,PF,8.434166,49.31722,DEBKGGND00000JCP,Speyer,HE,102591.24,0,Z,0,0,0,0,0,0,0
Spiegelau,Grafenau,34,Grafenau,401,1011,946,975,976,941,1010,1166,1396,NB,13.36,48.91527,DEBKGGND00000ST3,Spiegelau,E,2037.38,0,Z,0,0,0,0,0,0,0
Stadtlauringen,Hofheim,173,KoenigshofenHofheim,683,784,789,786,758,757,939,1023,985,UF,10.35972,50.18722,DEBKGGND00000IE5,Stadtlauringen,E,2793.07,0,Z,0,0,0,0,0,0,0
Staffelstein,Staffelstein,99,Staffelstein,1309,1787,1914,1870,1632,1674,1724,1779,1850,OF,10.99972,50.10138,DEBKGGND000004LM,,E,6661.15,1,B,352,6086.73,1871.97,458,53520,34794,7471
Starnberg,Muenchen,71,MuenchenLandI,539,1447,1587,1768,1832,2229,2853,3257,3633,OB,11.33805,47.99666,DEBKGGND00000B91,Starnberg,V,12257.65,1,M,431,9870.46,3682.44,513,87300,24420,9890
Straskirchen,Straubing,45,StraubingLand,527,697,759,826,874,944,960,982,1043,NB,12.72361,48.83,DEBKGGND000001BH,Straßkirchen,E,2790.91,0,Z,0,0,0,0,0,0,0
Straubing,Straubing,29,Straubing,8825,11590,12625,13210,13856,15595,17541,20856,22021,NB,11.80722,48.88694,DEBKGGND00000Q7Q,Staubing,V,59524.53,0,Rg,559,50250.36,2294.61,593,395313,67111,51369
Suenching,Regensburg,114,RegensburgLand,790,1338,1410,1381,1420,1466,1495,1432,1450,OP,12.35361,48.88,DEBKGGND000009AA,Sünching,E,3038.83,1,Rg,415,9291.04,3975.34,450,49515,3963,1678
Sulzbach,Sulzbach,117,Sulzbach,2946,4379,4668,4670,5015,5466,5604,5817,5480,OP,11.75611,49.49555,DEBKGGND00000NV3,Sulzbach-Rosenberg,E,10965.6,0,N,379,7250.99,1715.15,498,74183,16510,10129
Tann,Pfarrkirchen,42,Pfarrkirchen,1173,1231,1285,1273,1226,1214,1257,1256,1250,NB,12.89055,48.315,DEBKGGND00000WKE,Tann,E,5378.26,0,Z,0,0,0,0,0,0,0
Taufkirchen,Erding,61,Erding,741,1052,1078,1119,1140,1161,1253,1274,1354,OB,12.13055,48.34333,DEBKGGND000005SL,Taufkirchen (Vils),E,2643.46,0,Z,0,0,0,0,0,0,0
Tegernsee,Miesbach,69,Miesbach,755,1235,1270,1330,1472,1395,1619,1742,1904,OB,11.755,47.70861,DEBKGGND000009PC,Tegernsee,E,18836.11,0,Z,0,0,0,0,0,0,0
Teisendorf,Laufen,68,Laufen,780,1088,1088,1111,1126,1229,1363,1396,1501,OB,12.82055,47.85,DEBKGGND0000019R,Teisendorf,E,6774.86,1,Rm,408,8834.51,6122.55,486,69418,25017,5708
Thannhausen,Krumbach,148,Krumbach,1620,1563,1636,1624,1570,1553,1564,1596,1662,SC,10.47,48.2825,DEBKGGND000000DO,Thannhausen,E,3926.31,0,Z,0,0,0,0,0,0,0
Thurnau,Kulmbach,92,Kulmbach,1399,1224,1364,1366,1340,1337,1294,1279,1311,OF,11.39333,50.02472,DEBKGGND00000KSB,Thurnau,E,4072.23,0,Z,0,0,0,0,0,0,0
Tirschenreuth,Tirschenreuth,118,Tirschenreuth,2279,2559,2769,2862,3105,3613,3860,4457,4889,OP,12.33666,49.87805,DEBKGGND00000Q1Z,Tirschenreuth,E,9838.3,0,Wn,506,19604.17,13059.36,467,56213,20623,16645
Tittling,Passau,41,PassauWegscheid,1477,1747,1812,1896,1869,1964,1965,2122,2384,NB,13.38305,48.72694,DEBKGGND00000NGP,Tittling,E,3314.55,0,Z,0,0,0,0,0,0,0
Toepen,Hof,90,HofLand,1024,1064,1070,921,880,832,794,803,809,OF,11.87333,50.38916,DEBKGGND00000WHG,Töpen,N,0,0,Z,0,0,0,0,0,0,0
Traunstein,Traunstein,55,Traunstein,2029,4466,4851,4909,5407,6006,6845,7447,7686,OB,12.64888,47.87166,DEBKGGND0000078J,Traunstein,V,37031.71,1,Rm,558,50058.67,37018.06,585,341161,115648,40476
Treuchtlingen,Weissenburg,25,WeissenburgLand,1499,2245,2413,2701,2811,3075,3242,3757,3858,MF,10.90916,48.955,DEBKGGND000002P7,Treuchtlingen,V,12370.43,1,I,334,5765.79,3385.1,504,77546,14061,5627
Trostberg,Traunstein,77,TraunsteinLand,958,1320,1419,1502,1587,1514,1738,1715,2127,OB,12.55638,48.02722,DEBKGGND00000MGM,Trostberg,E,8237.69,0,Z,0,0,0,0,0,0,0
Tutzing,Starnberg,71,MuenchenLandI,464,903,1033,1233,1303,1468,1632,1900,2064,OB,11.28027,47.90972,DEBKGGND000002GQ,Tutzing,E,6395.88,1,M,277,4080.2,1572.31,408,37700,9335,5644
Uffenheim,Uffenheim,24,Uffenheim,1728,2087,2255,2314,2378,2322,2306,2325,2389,MF,10.23277,49.54472,DEBKGGND000000HK,Uffenheim,E,11724.68,0,Wg,383,7305.92,2755.26,500,75076,10885,2568
Unsleben,BadNeustadtSaale,178,NeustadtSaale,910,863,878,818,796,852,886,875,893,UF,10.25611,50.37805,DEBKGGND00000K70,Unsleben,E,3726.44,1,B,191,2486.97,1641.54,267,17315,12518,3670
Velden,Vilsbiburg,47,Vilsbiburg,975,1282,1333,1381,1416,1411,1447,1613,1671,NB,12.25361,48.36555,DEBKGGND00000AP9,Velden,E,4360.54,0,N,22,143.92,46.93,108,6444,1670,617
Viechtach,Viechtach,46,Viechtach,1499,1789,1843,1915,1960,2015,2089,2174,2241,NB,12.88388,49.08166,DEBKGGND00000L8T,Viechtach,E,6785.07,0,Z,0,0,0,0,0,0,0
Vilsbiburg,Vilsbiburg,47,Vilsbiburg,1375,2094,2438,2472,2580,2723,2789,2947,3093,NB,12.35388,48.45,DEBKGGND00000S5Z,Vilsbiburg,E,12447.35,0,Z,0,0,0,0,0,0,0
Vilseck,Amberg,103,AmbergLand,1286,1190,1197,1146,1189,1171,1182,1239,1213,OP,11.80527,49.61083,DEBKGGND00000TQ0,Vilseck,E,3967.05,0,N,301,4568.3,3205.23,296,20278,6419,2181
Vilshofen,Vilshofen,48,Vilshofen,2135,2906,3034,3148,3397,3432,3468,3630,3768,NB,13.18138,48.63222,DEBKGGND00000T7G,Vilshofen an der Donau,E,18361.34,0,Rg,553,42596.3,34889.95,575,235331,43827,31216
Vohenstrauss,Vohenstrauss,119,Vohenstrauss,1380,1622,1748,1746,1797,1785,1853,2106,2159,OP,12.34194,49.62277,DEBKGGND00000XPQ,Vohenstrauß,E,8736,0,Z,0,0,0,0,0,0,0
Volkach,Gerolzhofen,167,Gerolzhofen,1895,1892,1966,1968,1914,1916,1899,1919,1952,UF,10.22611,49.86555,DEBKGGND000004N2,Volkach,E,5772.54,0,Z,0,0,0,0,0,0,0
Waging,Laufen,68,Laufen,607,800,869,831,829,865,921,1021,1014,OB,12.73388,47.93305,DEBKGGND00000EKO,Waging a. See,E,3176.58,0,Z,0,0,0,0,0,0,0
Waldfischbach,Pirmasens,127,Pirmasens,803,1075,1140,1160,1200,1291,1387,1554,1870,PF,7.653333,49.28305,DEBKGGND00000J9G,Waldfischbach-Burgalben,E,3877.72,0,Z,0,0,0,0,0,0,0
Waldkirchen,Wolfstein,49,Wolfstein,1078,1318,1336,1300,1281,1377,1467,1524,1519,NB,13.6025,48.72861,DEBKGGND00000OM9,Waldkirchen,E,5302.65,0,Z,0,0,0,0,0,0,0
Waldmohr,Kusel,124,Kusel,1247,1213,1307,1283,1299,1356,1600,1762,1910,PF,7.332777,49.38694,DEBKGGND00000VUS,Waldmohr,E,4137.11,0,Z,0,0,0,0,0,0,0
Waldmuenchen,Waldmuenchen,120,Waldmuenchen,2302,2759,2953,2978,2961,2923,2817,2870,2884,OP,12.70555,49.37555,DEBKGGND000000W8,Waldmünchen,E,7631.25,0,Z,0,0,0,0,0,0,0
Waldsassen,Tirschenreuth,118,Tirschenreuth,2279,2559,2769,2862,3105,3613,3860,4457,4889,OP,12.30527,50.00305,DEBKGGND00000DO6,Waldsassen,E,8313.44,0,Z,0,0,0,0,0,0,0
Wasserburg,Wasserburg,78,Wasserburg,2293,3633,3655,3664,3513,3611,3745,3925,4005,OB,12.23222,48.06083,DEBKGGND000008VB,Wasserburg a. Inn,E,13658.12,1,Rm,468,12726.05,9372.56,473,59296,38341,8843
Wegscheid,Wegscheid,41,PassauWegscheid,1037,1316,1286,1268,1307,1267,1170,1178,1172,NB,13.78833,48.60111,DEBKGGND00000XGD,Wegscheid,E,5121.07,0,Z,0,0,0,0,0,0,0
Weiden,Weiden,112,NeustadtWN,2284,4172,4858,8549,5818,6963,9959,12418,14921,OP,12.16,49.67583,DEBKGGND00000N0L,Weiden i.d. OPf.,E,26582.79,0,Wn,540,32579.12,10131.8,582,287942,81560,73961
Weiler,Lindau,149,LindauLand,596,881,902,938,1017,1100,1183,1283,1416,SC,10.26777,47.47166,DEBKGGND00000WA0,Weiler,E,8024.3,0,Z,0,0,0,0,0,0,0
Weilheim,Weilheim,79,Weilheim,2247,3858,3829,3884,3939,4047,4466,4902,5249,OB,11.14166,47.84055,DEBKGGND00000FNV,Weilheim i. OB,E,16367.08,1,M,478,13968.77,8962.91,511,87039,28803,15479
Weismain,Lichtenfels,93,Lichtenfels,1264,1171,1230,1189,1130,1105,1047,1011,992,OF,11.24138,50.085,DEBKGGND00000S4R,Weismain,E,3901.5,0,Z,0,0,0,0,0,0,0
Weissenburg,Weissenburg,9,Weissenburg,4927,5203,5737,6025,6112,6315,6550,6709,7189,MF,10.97166,49.03277,DEBKGGND00000F4H,Weißenburg i. Bay.,E,24151.05,0,I,471,12981.88,5741.23,540,119810,20065,13927
Weissenstadt,Wunsiedel,100,Wunsiedel,2371,2711,2745,2669,2596,2456,2655,2820,2869,OF,11.88472,50.10138,DEBKGGND000007AV,Weißenstadt,E,5253.81,0,Z,0,0,0,0,0,0,0
Weitnau,Kempten,147,KemptenLand,1547,1589,1627,1636,1677,1731,1719,1693,1760,SC,10.12694,47.64055,DEBKGGND00000OZM,Weitnau,E,2187.4,0,Z,0,0,0,0,0,0,0
Wendelstein,Schwabach,23,SchwabachLand,1307,1339,1347,1394,1433,1718,1600,1600,1628,MF,11.14555,49.355,DEBKGGND00000QIN,Wendelstein,E,1134.52,0,Z,0,0,0,0,0,0,0
Werneck,Schweinfurt,181,SchweinfurtLand,440,1149,1214,1235,1303,1428,1568,1818,2017,UF,10.09972,49.9825,DEBKGGND000003WO,Werneck,E,5070.38,0,Z,0,0,0,0,0,0,0
Wertingen,Wertingen,157,Wertingen,1651,1778,1878,1872,1824,1866,1822,2026,2146,SC,10.68222,48.56194,DEBKGGND00000S4Q,Wertingen,E,6154.04,0,Z,0,0,0,0,0,0,0
Wilhermsdorf,NeustadtAisch,19,NeustadtAisch,1172,1326,1351,1304,1232,1298,1398,1448,1419,MF,10.71416,49.48222,DEBKGGND00000NAQ,Wilhermsdorf,E,2000.7,0,Z,0,0,0,0,0,0,0
Windischeschenbach,NeustadtWaldnaab,112,NeustadtWN,946,1210,1298,1410,1532,1576,1662,1930,2113,OP,12.15555,49.80333,DEBKGGND000008OW,Windischeschenbach,E,2125.04,0,Wn,457,11316.76,2833.81,437,45002,5393,1732
Windsbach,Ansbach,10,AnsbachLand,1340,1460,1521,1562,1556,1623,1583,1575,1645,MF,10.82666,49.24833,DEBKGGND00000GRR,Windsbach,E,3109.04,0,Z,0,0,0,0,0,0,0
Windsheim,Uffenheim,24,Uffenheim,3151,3658,3726,3611,3519,3472,3558,3574,3654,MF,10.41694,49.5025,DEBKGGND00000ACH,Bad Windsheim,E,10144,0,Wg,390,7609.61,4535.86,438,45214,10657,2455
Winnweiler,Rockenhausen,123,Kaiserslautern,1314,1508,1547,1642,1666,1708,1642,1633,1668,PF,7.852222,49.56833,DEBKGGND00000VGD,Winnweiler,E,8196.05,0,Z,0,0,0,0,0,0,0
Woerishofen,Mindelheim,152,Mindelheim,811,973,1018,1030,1478,2743,2472,2660,3103,SC,10.5925,48.00277,DEBKGGND000006VF,,E,1238.4,0,Z,0,0,0,0,0,0,0
WoerthDonau,Regensburg,114,RegensburgLand,1178,1446,1547,1519,1544,1537,1541,1584,1542,OP,12.40055,49.00027,DEBKGGND00000UGT,Wörth a.d. Donau,E,4199.1,0,Z,0,0,0,0,0,0,0
WoerthIsar,Landshut,39,LandshutLand,170,270,320,344,371,381,341,351,391,NB,12.33888,48.62277,DEBKGGND000000HQ,Wörth a.d. Isar,E,2433.43,1,Rg,190,2452.25,1572.33,259,16467,4300,1089
Wolfratshausen,Muenchen,71,MuenchenLandI,1363,1767,1693,1586,1752,1764,1739,1973,2100,OB,11.42055,47.9125,DEBKGGND00000F10,Wolfratshausen,E,6970.98,0,Z,0,0,0,0,0,0,0
Wolfstein,Kusel,124,Kusel,1013,1077,1195,1152,1108,1098,1100,1202,1170,PF,7.606111,49.58361,DEBKGGND0000093Q,Wolfstein,E,5824.76,0,Z,0,0,0,0,0,0,0
Wuerzburg,Wuerzburg,162,Wuerzburg,26814,44975,51014,55010,61039,68747,75499,80327,84496,UF,9.928611,49.79305,DEBKGGND00000162,Würzburg,HE,418418.28,0,Wg,587,157567.28,39542.29,619,2368952,359275,438264
Wunsiedel,Wunsiedel,100,Wunsiedel,3729,3877,4065,3699,3775,4492,4953,5541,5876,OF,12.00472,50.03861,DEBKGGND00000UQN,Wunsiedel,E,15492.34,0,Wn,486,14969.28,8368.89,489,71041,22225,7445
Zweibruecken,Zweibruecken,129,ZweibrueckenStIngbert,7578,9248,10382,10665,11204,12000,13716,14711,15250,PF,7.363055,49.24916,DEBKGGND00000A6I,Zweibrücken,V,76048.33,0,Z,0,0,0,0,0,0,0
Zwiesel,Regen,43,Regen,1681,3152,3128,3251,3446,3512,3776,3975,4075,NB,13.23333,49.01444,DEBKGGND000001VI,Zwiesel,E,14338.37,0,Rm,550,36754.46,27072.4,536,113854,65892,30982
